BEGIN TRANSACTION;
CREATE TABLE IF NOT EXISTS "TAGS_2_BOOKS" (
	"id"	INTEGER PRIMARY KEY AUTOINCREMENT,
	"tagID"	INTEGER,
	"bookID"	INTEGER
);
CREATE TABLE IF NOT EXISTS "TAGS_2_AUTHORS" (
	"id"	INTEGER PRIMARY KEY AUTOINCREMENT,
	"tagID"	INTEGER,
	"authorID"	INTEGER
);
CREATE TABLE IF NOT EXISTS "TAGS" (
	"id"	INTEGER PRIMARY KEY AUTOINCREMENT,
	"tag"	TEXT,
	"applies2Authors"	INTEGER,
	"applies2Books"	INTEGER,
	"tagGroup"	TEXT,
	"color"	TEXT
);
CREATE TABLE IF NOT EXISTS "BOOKS" (
	"id"	INTEGER PRIMARY KEY AUTOINCREMENT,
	"title"	TEXT,
	"subtitle"	TEXT,
	"language"	TEXT DEFAULT 'en',
	"bookSRC"	TEXT,
	"yearPublished"	INTEGER,
	"adbc"	TEXT DEFAULT 'AD',
	"coverSRC"	REAL,
	"description"	TEXT,
	"ISBN"	TEXT UNIQUE,
	"AMAZON"	TEXT UNIQUE,
	"GOOGLE"	TEXT UNIQUE,
	"MOBI_ASIN"	TEXT
);
CREATE TABLE IF NOT EXISTS "AUTHORS" (
	"id"	INTEGER PRIMARY KEY AUTOINCREMENT,
	"firstName"	TEXT,
	"lastName"	TEXT,
	"middleName"	TEXT,
	"portraitSRC"	TEXT,
	"bio"	TEXT
);
CREATE TABLE IF NOT EXISTS "BOOKS_2_PUBLISHERS" (
	"id"	INTEGER PRIMARY KEY AUTOINCREMENT,
	"bookID"	INTEGER,
	"publisherID"	INTEGER
);
CREATE TABLE IF NOT EXISTS "PUBLISHERS" (
	"id"	INTEGER PRIMARY KEY AUTOINCREMENT,
	"Name"	TEXT
);
CREATE TABLE IF NOT EXISTS "BOOKS_2_AUTHORS" (
	"id"	INTEGER PRIMARY KEY AUTOINCREMENT,
	"bookID"	INTEGER,
	"authorID"	INTEGER
);
INSERT INTO "TAGS_2_BOOKS" VALUES (1,1,2);
INSERT INTO "TAGS_2_BOOKS" VALUES (3,3,5);
INSERT INTO "TAGS_2_BOOKS" VALUES (5,1,3);
INSERT INTO "TAGS_2_AUTHORS" VALUES (1,6,4);
INSERT INTO "TAGS_2_AUTHORS" VALUES (2,5,3);
INSERT INTO "TAGS_2_AUTHORS" VALUES (3,4,2);
INSERT INTO "TAGS_2_AUTHORS" VALUES (4,5,1);
INSERT INTO "TAGS_2_AUTHORS" VALUES (5,7,5);
INSERT INTO "TAGS" VALUES (1,'Science Fiction',0,1,'Genre','#AAA');
INSERT INTO "TAGS" VALUES (2,'Literature',0,1,'Genre','#AAA');
INSERT INTO "TAGS" VALUES (3,'Poetry',0,1,'Genre','#AAA');
INSERT INTO "TAGS" VALUES (4,'France',1,0,'Nationality','#FAA');
INSERT INTO "TAGS" VALUES (5,'Ireland',1,0,'Nationality','#FAA');
INSERT INTO "TAGS" VALUES (6,'USA',1,0,'Nationality','#FAA');
INSERT INTO "TAGS" VALUES (7,'Japan',1,NULL,'Nationality','#FAA');
INSERT INTO "BOOKS" VALUES (2,'The Man in the High Castle',NULL,'en','books/Dick, Philip K_/Man in the High Castle, The/Man in the High Castle, The - Philip K. Dick.pdf',NULL,'AD','books/Dick, Philip K_/Man in the High Castle, The/Man in the High Castle, The - Philip K. Dick.jpg','&lt;div&gt;&lt;p&gt;“The single most resonant and carefully imagined book of Dick’s career.” – &lt;em&gt;New York Times&lt;/em&gt;   &lt;/p&gt;
&lt;p&gt;It''s America in 1962. Slavery is legal once again. The few Jews who still survive hide under assumed names. In San Francisco, the &lt;em&gt;I Ching&lt;/em&gt; is as common as the &lt;em&gt;Yellow Pages&lt;/em&gt;. All because some twenty years earlier the United States lost a war—and is now occupied by Nazi Germany and Japan.   &lt;/p&gt;
&lt;p&gt;This harrowing, Hugo Award-winning novel is the work that established Philip K. Dick as an innovator in science fiction while breaking the barrier between science fiction and the serious novel of ideas. In it Dick offers a haunting vision of history as a nightmare from which it may just be possible to wake.   &lt;/p&gt;
&lt;p&gt;Winner of the Hugo Award   &lt;/p&gt;
&lt;p&gt;**&lt;/p&gt;&lt;h3&gt;From Publishers Weekly&lt;/h3&gt;
&lt;p&gt;Dick''s Hugo Award-winning 1962 alternative history considers the question of what would have happened if the Allied Powers had lost WWII. Some 20 years after that loss, the United States and much of the world has now been split between Japan and Germany, the major hegemonic states. But the tension between these two powers is mounting, and this stress is playing out in the western U.S. Through a collection of characters in various states of posing (spies, sellers of falsified goods, others with secret identities), Dick provides an intriguing tale about life and history as it relates to authentic and manufactured reality. Tom Weiner reveals an impressive vocal range that delivers the host of characters with distinct culture, class and gender personas, which helps to sort the various plot strands. His prose reading is engaging, though sometimes lacks sufficient emphasis and energy. &lt;br&gt;
Copyright © Reed Business Information, a division of Reed Elsevier Inc. All rights reserved. &lt;/p&gt;
&lt;h3&gt;Review&lt;/h3&gt;
&lt;p&gt;The most brilliant sci-fi mind on any planet Rolling Stone California''s own William Blake. Visionary and prophet Daily Telegraph &lt;/p&gt;&lt;/div&gt;','9780547572482','0547572484','5aBwki0xmZEC',NULL);
INSERT INTO "BOOKS" VALUES (3,'Simulacra',NULL,'en','books/Dick, Philip K_/Simulacra/Simulacra - Philip K. Dick.pdf',NULL,'AD',NULL,'&lt;p class="description"&gt;A mediados del siglo XXI, el gobierno de los EUAE (Estados Unidos de América y Europa) es un fraude, y su presidente, un androide; queda un solo psicoanalista sobre la faz de la Tierra, plagada de enfermos mentales, y la humanidad ha sufrido una regresión evolutiva que ha originado una nueva raza de neandertales. Por este inquietante panorama desfilan personajes tan insólitos como un pianista que toca sin manos y un Göring rescatado del pasado para atentar contra su Führer .&lt;/p&gt;','9788445000366',NULL,'nI0PuF5GKUIC',NULL);
INSERT INTO "BOOKS" VALUES (4,'Oeuvres completes','109 titres et annexes ','fr','books/Voltaire/Oeuvres completes - 109 titres et annexes (Annotes) (French Edition) (2995)/Oeuvres completes - 109 titres et annexes - Voltaire.epub',NULL,'AD','books/Voltaire/Oeuvres completes - 109 titres et annexes (Annotes) (French Edition) (2995)/cover.jpg','&lt;div&gt;&lt;font class="Apple-style-span" face="verdana, arial, helvetica, sans-serif" size="2"&gt;&lt;span style="color: rgb(0, 0, 0); font-family: verdana, arial, helvetica, sans-serif; font-size: small; font-style: normal; font-variant: normal; font-weight: normal; letter-spacing: normal; line-height: normal; orphans: auto; text-align: start; text-indent: 0px; text-transform: none; white-space: normal; widows: auto; word-spacing: 0px; -webkit-text-stroke-width: 0px; background-color: rgb(255, 255, 255); display: inline !important; float: none;"&gt;L''ouvrage de référence des oeuvres de Voltaire, soit plus de 109 titres abondamment annotés et spécifiquement étudiés pour une lecture sur votre liseuse.&lt;/span&gt;&lt;br style="color: rgb(0, 0, 0); font-family: verdana, arial, helvetica, sans-serif; font-size: small; font-style: normal; font-variant: normal; font-weight: normal; letter-spacing: normal; line-height: normal; orphans: auto; text-align: start; text-indent: 0px; text-transform: none; white-space: normal; widows: auto; word-spacing: 0px; -webkit-text-stroke-width: 0px; background-color: rgb(255, 255, 255);"&gt;&lt;br style="color: rgb(0, 0, 0); font-family: verdana, arial, helvetica, sans-serif; font-size: small; font-style: normal; font-variant: normal; font-weight: normal; letter-spacing: normal; line-height: normal; orphans: auto; text-align: start; text-indent: 0px; text-transform: none; white-space: normal; widows: auto; word-spacing: 0px; -webkit-text-stroke-width: 0px; background-color: rgb(255, 255, 255);"&gt;&lt;br style="color: rgb(0, 0, 0); font-family: verdana, arial, helvetica, sans-serif; font-size: small; font-style: normal; font-variant: normal; font-weight: normal; letter-spacing: normal; line-height: normal; orphans: auto; text-align: start; text-indent: 0px; text-transform: none; white-space: normal; widows: auto; word-spacing: 0px; -webkit-text-stroke-width: 0px; background-color: rgb(255, 255, 255);"&gt;&lt;span style="color: rgb(0, 0, 0); font-family: verdana, arial, helvetica, sans-serif; font-size: small; font-style: normal; font-variant: normal; font-weight: normal; letter-spacing: normal; line-height: normal; orphans: auto; text-align: start; text-indent: 0px; text-transform: none; white-space: normal; widows: auto; word-spacing: 0px; -webkit-text-stroke-width: 0px; background-color: rgb(255, 255, 255); display: inline !important; float: none;"&gt;Dans cette édition, vous trouverez:&lt;/span&gt;&lt;br style="color: rgb(0, 0, 0); font-family: verdana, arial, helvetica, sans-serif; font-size: small; font-style: normal; font-variant: normal; font-weight: normal; letter-spacing: normal; line-height: normal; orphans: auto; text-align: start; text-indent: 0px; text-transform: none; white-space: normal; widows: auto; word-spacing: 0px; -webkit-text-stroke-width: 0px; background-color: rgb(255, 255, 255);"&gt;&lt;span style="color: rgb(0, 0, 0); font-family: verdana, arial, helvetica, sans-serif; font-size: small; font-style: normal; font-variant: normal; font-weight: normal; letter-spacing: normal; line-height: normal; orphans: auto; text-align: start; text-indent: 0px; text-transform: none; white-space: normal; widows: auto; word-spacing: 0px; -webkit-text-stroke-width: 0px; background-color: rgb(255, 255, 255); display: inline !important; float: none;"&gt;- Les 109 titres de Voltaire.&lt;/span&gt;&lt;br style="color: rgb(0, 0, 0); font-family: verdana, arial, helvetica, sans-serif; font-size: small; font-style: normal; font-variant: normal; font-weight: normal; letter-spacing: normal; line-height: normal; orphans: auto; text-align: start; text-indent: 0px; text-transform: none; white-space: normal; widows: auto; word-spacing: 0px; -webkit-text-stroke-width: 0px; background-color: rgb(255, 255, 255);"&gt;&lt;br style="color: rgb(0, 0, 0); font-family: verdana, arial, helvetica, sans-serif; font-size: small; font-style: normal; font-variant: normal; font-weight: normal; letter-spacing: normal; line-height: normal; orphans: auto; text-align: start; text-indent: 0px; text-transform: none; white-space: normal; widows: auto; word-spacing: 0px; -webkit-text-stroke-width: 0px; background-color: rgb(255, 255, 255);"&gt;&lt;span style="color: rgb(0, 0, 0); font-family: verdana, arial, helvetica, sans-serif; font-size: small; font-style: normal; font-variant: normal; font-weight: normal; letter-spacing: normal; line-height: normal; orphans: auto; text-align: start; text-indent: 0px; text-transform: none; white-space: normal; widows: auto; word-spacing: 0px; -webkit-text-stroke-width: 0px; background-color: rgb(255, 255, 255); display: inline !important; float: none;"&gt;- Des centaines de notes explicatives.&lt;/span&gt;&lt;br style="color: rgb(0, 0, 0); font-family: verdana, arial, helvetica, sans-serif; font-size: small; font-style: normal; font-variant: normal; font-weight: normal; letter-spacing: normal; line-height: normal; orphans: auto; text-align: start; text-indent: 0px; text-transform: none; white-space: normal; widows: auto; word-spacing: 0px; -webkit-text-stroke-width: 0px; background-color: rgb(255, 255, 255);"&gt;&lt;br style="color: rgb(0, 0, 0); font-family: verdana, arial, helvetica, sans-serif; font-size: small; font-style: normal; font-variant: normal; font-weight: normal; letter-spacing: normal; line-height: normal; orphans: auto; text-align: start; text-indent: 0px; text-transform: none; white-space: normal; widows: auto; word-spacing: 0px; -webkit-text-stroke-width: 0px; background-color: rgb(255, 255, 255);"&gt;&lt;span style="color: rgb(0, 0, 0); font-family: verdana, arial, helvetica, sans-serif; font-size: small; font-style: normal; font-variant: normal; font-weight: normal; letter-spacing: normal; line-height: normal; orphans: auto; text-align: start; text-indent: 0px; text-transform: none; white-space: normal; widows: auto; word-spacing: 0px; -webkit-text-stroke-width: 0px; background-color: rgb(255, 255, 255); display: inline !important; float: none;"&gt;- Un système de navigation intuitif et et ergonomique: &lt;/span&gt;&lt;br style="color: rgb(0, 0, 0); font-family: verdana, arial, helvetica, sans-serif; font-size: small; font-style: normal; font-variant: normal; font-weight: normal; letter-spacing: normal; line-height: normal; orphans: auto; text-align: start; text-indent: 0px; text-transform: none; white-space: normal; widows: auto; word-spacing: 0px; -webkit-text-stroke-width: 0px; background-color: rgb(255, 255, 255);"&gt;&lt;span style="color: rgb(0, 0, 0); font-family: verdana, arial, helvetica, sans-serif; font-size: small; font-style: normal; font-variant: normal; font-weight: normal; letter-spacing: normal; line-height: normal; orphans: auto; text-align: start; text-indent: 0px; text-transform: none; white-space: normal; widows: auto; word-spacing: 0px; -webkit-text-stroke-width: 0px; background-color: rgb(255, 255, 255); display: inline !important; float: none;"&gt;• Naviguez par simple clic de chapitre à chapitre ou de livre à livre.&lt;/span&gt;&lt;br style="color: rgb(0, 0, 0); font-family: verdana, arial, helvetica, sans-serif; font-size: small; font-style: normal; font-variant: normal; font-weight: normal; letter-spacing: normal; line-height: normal; orphans: auto; text-align: start; text-indent: 0px; text-transform: none; white-space: normal; widows: auto; word-spacing: 0px; -webkit-text-stroke-width: 0px; background-color: rgb(255, 255, 255);"&gt;&lt;span style="color: rgb(0, 0, 0); font-family: verdana, arial, helvetica, sans-serif; font-size: small; font-style: normal; font-variant: normal; font-weight: normal; letter-spacing: normal; line-height: normal; orphans: auto; text-align: start; text-indent: 0px; text-transform: none; white-space: normal; widows: auto; word-spacing: 0px; -webkit-text-stroke-width: 0px; background-color: rgb(255, 255, 255); display: inline !important; float: none;"&gt;• Accédez instantanément à la table des matières hyperliée globale.&lt;/span&gt;&lt;br style="color: rgb(0, 0, 0); font-family: verdana, arial, helvetica, sans-serif; font-size: small; font-style: normal; font-variant: normal; font-weight: normal; letter-spacing: normal; line-height: normal; orphans: auto; text-align: start; text-indent: 0px; text-transform: none; white-space: normal; widows: auto; word-spacing: 0px; -webkit-text-stroke-width: 0px; background-color: rgb(255, 255, 255);"&gt;&lt;span style="color: rgb(0, 0, 0); font-family: verdana, arial, helvetica, sans-serif; font-size: small; font-style: normal; font-variant: normal; font-weight: normal; letter-spacing: normal; line-height: normal; orphans: auto; text-align: start; text-indent: 0px; text-transform: none; white-space: normal; widows: auto; word-spacing: 0px; -webkit-text-stroke-width: 0px; background-color: rgb(255, 255, 255); display: inline !important; float: none;"&gt;• Une table des matières est placée également au début de chaque titre.&lt;/span&gt;&lt;br style="color: rgb(0, 0, 0); font-family: verdana, arial, helvetica, sans-serif; font-size: small; font-style: normal; font-variant: normal; font-weight: normal; letter-spacing: normal; line-height: normal; orphans: auto; text-align: start; text-indent: 0px; text-transform: none; white-space: normal; widows: auto; word-spacing: 0px; -webkit-text-stroke-width: 0px; background-color: rgb(255, 255, 255);"&gt;&lt;br style="color: rgb(0, 0, 0); font-family: verdana, arial, helvetica, sans-serif; font-size: small; font-style: normal; font-variant: normal; font-weight: normal; letter-spacing: normal; line-height: normal; orphans: auto; text-align: start; text-indent: 0px; text-transform: none; white-space: normal; widows: auto; word-spacing: 0px; -webkit-text-stroke-width: 0px; background-color: rgb(255, 255, 255);"&gt;&lt;span style="color: rgb(0, 0, 0); font-family: verdana, arial, helvetica, sans-serif; font-size: small; font-style: normal; font-variant: normal; font-weight: normal; letter-spacing: normal; line-height: normal; orphans: auto; text-align: start; text-indent: 0px; text-transform: none; white-space: normal; widows: auto; word-spacing: 0px; -webkit-text-stroke-width: 0px; background-color: rgb(255, 255, 255); display: inline !important; float: none;"&gt;Vous bénéficiez également de:&lt;/span&gt;&lt;br style="color: rgb(0, 0, 0); font-family: verdana, arial, helvetica, sans-serif; font-size: small; font-style: normal; font-variant: normal; font-weight: normal; letter-spacing: normal; line-height: normal; orphans: auto; text-align: start; text-indent: 0px; text-transform: none; white-space: normal; widows: auto; word-spacing: 0px; -webkit-text-stroke-width: 0px; background-color: rgb(255, 255, 255);"&gt;&lt;span style="color: rgb(0, 0, 0); font-family: verdana, arial, helvetica, sans-serif; font-size: small; font-style: normal; font-variant: normal; font-weight: normal; letter-spacing: normal; line-height: normal; orphans: auto; text-align: start; text-indent: 0px; text-transform: none; white-space: normal; widows: auto; word-spacing: 0px; -webkit-text-stroke-width: 0px; background-color: rgb(255, 255, 255); display: inline !important; float: none;"&gt;- Un service qualité qui s''engage à vous répondre sous 2 jours: servicequalite@arvensa.com&lt;/span&gt;&lt;br style="color: rgb(0, 0, 0); font-family: verdana, arial, helvetica, sans-serif; font-size: small; font-style: normal; font-variant: normal; font-weight: normal; letter-spacing: normal; line-height: normal; orphans: auto; text-align: start; text-indent: 0px; text-transform: none; white-space: normal; widows: auto; word-spacing: 0px; -webkit-text-stroke-width: 0px; background-color: rgb(255, 255, 255);"&gt;&lt;br style="color: rgb(0, 0, 0); font-family: verdana, arial, helvetica, sans-serif; font-size: small; font-style: normal; font-variant: normal; font-weight: normal; letter-spacing: normal; line-height: normal; orphans: auto; text-align: start; text-indent: 0px; text-transform: none; white-space: normal; widows: auto; word-spacing: 0px; -webkit-text-stroke-width: 0px; background-color: rgb(255, 255, 255);"&gt;&lt;span style="color: rgb(0, 0, 0); font-family: verdana, arial, helvetica, sans-serif; font-size: small; font-style: normal; font-variant: normal; font-weight: normal; letter-spacing: normal; line-height: normal; orphans: auto; text-align: start; text-indent: 0px; text-transform: none; white-space: normal; widows: auto; word-spacing: 0px; -webkit-text-stroke-width: 0px; background-color: rgb(255, 255, 255); display: inline !important; float: none;"&gt;- L''assurance de mises à jour gratuites régulières, sur la base des recommandations des lecteurs.&lt;/span&gt;&lt;br style="color: rgb(0, 0, 0); font-family: verdana, arial, helvetica, sans-serif; font-size: small; font-style: normal; font-variant: normal; font-weight: normal; letter-spacing: normal; line-height: normal; orphans: auto; text-align: start; text-indent: 0px; text-transform: none; white-space: normal; widows: auto; word-spacing: 0px; -webkit-text-stroke-width: 0px; background-color: rgb(255, 255, 255);"&gt;&lt;br style="color: rgb(0, 0, 0); font-family: verdana, arial, helvetica, sans-serif; font-size: small; font-style: normal; font-variant: normal; font-weight: normal; letter-spacing: normal; line-height: normal; orphans: auto; text-align: start; text-indent: 0px; text-transform: none; white-space: normal; widows: auto; word-spacing: 0px; -webkit-text-stroke-width: 0px; background-color: rgb(255, 255, 255);"&gt;&lt;br style="color: rgb(0, 0, 0); font-family: verdana, arial, helvetica, sans-serif; font-size: small; font-style: normal; font-variant: normal; font-weight: normal; letter-spacing: normal; line-height: normal; orphans: auto; text-align: start; text-indent: 0px; text-transform: none; white-space: normal; widows: auto; word-spacing: 0px; -webkit-text-stroke-width: 0px; background-color: rgb(255, 255, 255);"&gt;&lt;span style="color: rgb(0, 0, 0); font-family: verdana, arial, helvetica, sans-serif; font-size: small; font-style: normal; font-variant: normal; font-weight: normal; letter-spacing: normal; line-height: normal; orphans: auto; text-align: start; text-indent: 0px; text-transform: none; white-space: normal; widows: auto; word-spacing: 0px; -webkit-text-stroke-width: 0px; background-color: rgb(255, 255, 255); display: inline !important; float: none;"&gt;Contenu détaillé:&lt;/span&gt;&lt;br style="color: rgb(0, 0, 0); font-family: verdana, arial, helvetica, sans-serif; font-size: small; font-style: normal; font-variant: normal; font-weight: normal; letter-spacing: normal; line-height: normal; orphans: auto; text-align: start; text-indent: 0px; text-transform: none; white-space: normal; widows: auto; word-spacing: 0px; -webkit-text-stroke-width: 0px; background-color: rgb(255, 255, 255);"&gt;&lt;br style="color: rgb(0, 0, 0); font-family: verdana, arial, helvetica, sans-serif; font-size: small; font-style: normal; font-variant: normal; font-weight: normal; letter-spacing: normal; line-height: normal; orphans: auto; text-align: start; text-indent: 0px; text-transform: none; white-space: normal; widows: auto; word-spacing: 0px; -webkit-text-stroke-width: 0px; background-color: rgb(255, 255, 255);"&gt;&lt;span style="color: rgb(0, 0, 0); font-family: verdana, arial, helvetica, sans-serif; font-size: small; font-style: normal; font-variant: normal; font-weight: normal; letter-spacing: normal; line-height: normal; orphans: auto; text-align: start; text-indent: 0px; text-transform: none; white-space: normal; widows: auto; word-spacing: 0px; -webkit-text-stroke-width: 0px; background-color: rgb(255, 255, 255); display: inline !important; float: none;"&gt;LES 25 CONTES PHILOSOPHIQUES:&lt;/span&gt;&lt;br style="color: rgb(0, 0, 0); font-family: verdana, arial, helvetica, sans-serif; font-size: small; font-style: normal; font-variant: normal; font-weight: normal; letter-spacing: normal; line-height: normal; orphans: auto; text-align: start; text-indent: 0px; text-transform: none; white-space: normal; widows: auto; word-spacing: 0px; -webkit-text-stroke-width: 0px; background-color: rgb(255, 255, 255);"&gt;&lt;span style="color: rgb(0, 0, 0); font-family: verdana, arial, helvetica, sans-serif; font-size: small; font-style: normal; font-variant: normal; font-weight: normal; letter-spacing: normal; line-height: normal; orphans: auto; text-align: start; text-indent: 0px; text-transform: none; white-space: normal; widows: auto; word-spacing: 0px; -webkit-text-stroke-width: 0px; background-color: rgb(255, 255, 255); display: inline !important; float: none;"&gt;Avertissement de Moland • - Le Monde Comme il Va, Vision De Babouc • Le Crocheteur Borgne • Cosi-Sancta, Un petit mal Pour un grand bien • Nouvelle Africaine • Zadig ou La Destinée • Memnon ou La Sagesse Humaine • Bababec et Les Fakirs • Micromégas • Les Deux Consolés • Histoire des Voyages de Scarmentado • Songe de Platon • Candide ou L’optimisme • Histoire d’un Bon Bramin • Le Blanc et Le Noir • Jeannot et Colin • L’Ingénu • - L’homme aux quarante écus • La Princesse de Babylone • Les Lettres d’Amabed • Aventure de la Mémoire • Le Taureau Blanc • L’histoire de Jenni ou Le Sage et L’athée • Les Oreilles du comte de Chesterfield et le chapelain Goudman&lt;/span&gt;&lt;br style="color: rgb(0, 0, 0); font-family: verdana, arial, helvetica, sans-serif; font-size: small; font-style: normal; font-variant: normal; font-weight: normal; letter-spacing: normal; line-height: normal; orphans: auto; text-align: start; text-indent: 0px; text-transform: none; white-space: normal; widows: auto; word-spacing: 0px; -webkit-text-stroke-width: 0px; background-color: rgb(255, 255, 255);"&gt;&lt;br style="color: rgb(0, 0, 0); font-family: verdana, arial, helvetica, sans-serif; font-size: small; font-style: normal; font-variant: normal; font-weight: normal; letter-spacing: normal; line-height: normal; orphans: auto; text-align: start; text-indent: 0px; text-transform: none; white-space: normal; widows: auto; word-spacing: 0px; -webkit-text-stroke-width: 0px; background-color: rgb(255, 255, 255);"&gt;&lt;span style="color: rgb(0, 0, 0); font-family: verdana, arial, helvetica, sans-serif; font-size: small; font-style: normal; font-variant: normal; font-weight: normal; letter-spacing: normal; line-height: normal; orphans: auto; text-align: start; text-indent: 0px; text-transform: none; white-space: normal; widows: auto; word-spacing: 0px; -webkit-text-stroke-width: 0px; background-color: rgb(255, 255, 255); display: inline !important; float: none;"&gt;LES 41 PIÈCES DE THÉÂTRE:&lt;/span&gt;&lt;br style="color: rgb(0, 0, 0); font-family: verdana, arial, helvetica, sans-serif; font-size: small; font-style: normal; font-variant: normal; font-weight: normal; letter-spacing: normal; line-height: normal; orphans: auto; text-align: start; text-indent: 0px; text-transform: none; white-space: normal; widows: auto; word-spacing: 0px; -webkit-text-stroke-width: 0px; background-color: rgb(255, 255, 255);"&gt;&lt;span style="color: rgb(0, 0, 0); font-family: verdana, arial, helvetica, sans-serif; font-size: small; font-style: normal; font-variant: normal; font-weight: normal; letter-spacing: normal; line-height: normal; orphans: auto; text-align: start; text-indent: 0px; text-transform: none; white-space: normal; widows: auto; word-spacing: 0px; -webkit-text-stroke-width: 0px; background-color: rgb(255, 255, 255); display: inline !important; float: none;"&gt;Oedipe • Fragments d’Artémire • Mariamne • L''indiscret • La Fête de Bélébat • &lt;/span&gt;&lt;br style="color: rgb(0, 0, 0); font-family: verdana, arial, helvetica, sans-serif; font-size: small; font-style: normal; font-variant: normal; font-weight: normal; letter-spacing: normal; line-height: normal; orphans: auto; text-align: start; text-indent: 0px; text-transform: none; white-space: normal; widows: auto; word-spacing: 0px; -webkit-text-stroke-width: 0px; background-color: rgb(255, 255, 255);"&gt;&lt;span style="color: rgb(0, 0, 0); font-family: verdana, arial, helvetica, sans-serif; font-size: small; font-style: normal; font-variant: normal; font-weight: normal; letter-spacing: normal; line-height: normal; orphans: auto; text-align: start; text-indent: 0px; text-transform: none; white-space: normal; widows: auto; word-spacing: 0px; -webkit-text-stroke-width: 0px; background-color: rgb(255, 255, 255); display: inline !important; float: none;"&gt;Brutus • Les Originaux Ou Monsieur Du Cap-Vert • Ériphyle • Zaïre • Samson • &lt;/span&gt;&lt;br style="color: rgb(0, 0, 0); font-family: verdana, arial, helvetica, sans-serif; font-size: small; font-style: normal; font-variant: normal; font-weight: normal; letter-spacing: normal; line-height: normal; orphans: auto; text-align: start; text-indent: 0px; text-transform: none; white-space: normal; widows: auto; word-spacing: 0px; -webkit-text-stroke-width: 0px; background-color: rgb(255, 255, 255);"&gt;&lt;span style="color: rgb(0, 0, 0); font-family: verdana, arial, helvetica, sans-serif; font-size: small; font-style: normal; font-variant: normal; font-weight: normal; letter-spacing: normal; line-height: normal; orphans: auto; text-align: start; text-indent: 0px; text-transform: none; white-space: normal; widows: auto; word-spacing: 0px; -webkit-text-stroke-width: 0px; background-color: rgb(255, 255, 255); display: inline !important; float: none;"&gt;Tanis et Zélide ou Les Rois pasteurs • Adélaïde du Guesclin • Le Duc d’Alençon ou Les Frères ennemis • Amélie ou le Duc de Foix • L''Echange • La mort de César • Alzire, ou les Américains • L’Enfant prodigue • L''Envieux • Pandore • Zulime • Le fanatisme, ou Mahomet le prophète • Mérope • Le Temple De La Gloire • Nanine • Rome Sauvée, Ou Catilina • L''Orphelin De La Chine • L''Ecossaise • Tancrède • Le Droit Du Seigneur • Olympie • Le Triumvirat • Les Scythes • Charlot ou la Comtesse de Givry • Le Dépositaire • &lt;/span&gt;&lt;br style="color: rgb(0, 0, 0); font-family: verdana, arial, helvetica, sans-serif; font-size: small; font-style: normal; font-variant: normal; font-weight: normal; letter-spacing: normal; line-height: normal; orphans: auto; text-align: start; text-indent: 0px; text-transform: none; white-space: normal; widows: auto; word-spacing: 0px; -webkit-text-stroke-width: 0px; background-color: rgb(255, 255, 255);"&gt;&lt;span style="color: rgb(0, 0, 0); font-family: verdana, arial, helvetica, sans-serif; font-size: small; font-style: normal; font-variant: normal; font-weight: normal; letter-spacing: normal; line-height: normal; orphans: auto; text-align: start; text-indent: 0px; text-transform: none; white-space: normal; widows: auto; word-spacing: 0px; -webkit-text-stroke-width: 0px; background-color: rgb(255, 255, 255); display: inline !important; float: none;"&gt;Les Guèbres, ou la Tolérance • Le Baron d''Otrante • Irène • Jules César • Le Comte de Boursoufle ou Mademoiselle de La Cochonnière • L’Héraclius Espagnol Ou La Comédie Fameuse&lt;/span&gt;&lt;br style="color: rgb(0, 0, 0); font-family: verdana, arial, helvetica, sans-serif; font-size: small; font-style: normal; font-variant: normal; font-weight: normal; letter-spacing: normal; line-height: normal; orphans: auto; text-align: start; text-indent: 0px; text-transform: none; white-space: normal; widows: auto; word-spacing: 0px; -webkit-text-stroke-width: 0px; background-color: rgb(255, 255, 255);"&gt;&lt;br style="color: rgb(0, 0, 0); font-family: verdana, arial, helvetica, sans-serif; font-size: small; font-style: normal; font-variant: normal; font-weight: normal; letter-spacing: normal; line-height: normal; orphans: auto; text-align: start; text-indent: 0px; text-transform: none; white-space: normal; widows: auto; word-spacing: 0px; -webkit-text-stroke-width: 0px; background-color: rgb(255, 255, 255);"&gt;&lt;span style="color: rgb(0, 0, 0); font-family: verdana, arial, helvetica, sans-serif; font-size: small; font-style: normal; font-variant: normal; font-weight: normal; letter-spacing: normal; line-height: normal; orphans: auto; text-align: start; text-indent: 0px; text-transform: none; white-space: normal; widows: auto; word-spacing: 0px; -webkit-text-stroke-width: 0px; background-color: rgb(255, 255, 255); display: inline !important; float: none;"&gt;LES 7 RECUEILS DE POÉSIES:&lt;/span&gt;&lt;br style="color: rgb(0, 0, 0); font-family: verdana, arial, helvetica, sans-serif; font-size: small; font-style: normal; font-variant: normal; font-weight: normal; letter-spacing: normal; line-height: normal; orphans: auto; text-align: start; text-indent: 0px; text-transform: none; white-space: normal; widows: auto; word-spacing: 0px; -webkit-text-stroke-width: 0px; background-color: rgb(255, 255, 255);"&gt;&lt;span style="color: rgb(0, 0, 0); font-family: verdana, arial, helvetica, sans-serif; font-size: small; font-style: normal; font-variant: normal; font-weight: normal; letter-spacing: normal; line-height: normal; orphans: auto; text-align: start; text-indent: 0px; text-transform: none; white-space: normal; widows: auto; word-spacing: 0px; -webkit-text-stroke-width: 0px; background-color: rgb(255, 255, 255); display: inline !important; float: none;"&gt;Le Pour et le Contre • La Henriade • Le Mondain • Poème sur la Loi naturelle • Poème sur le désastre de Lisbonne • La Pucelle d’Orléans • Épîtres&lt;/span&gt;&lt;br style="color: rgb(0, 0, 0); font-family: verdana, arial, helvetica, sans-serif; font-size: small; font-style: normal; font-variant: normal; font-weight: normal; letter-spacing: normal; line-height: normal; orphans: auto; text-align: start; text-indent: 0px; text-transform: none; white-space: normal; widows: auto; word-spacing: 0px; -webkit-text-stroke-width: 0px; background-color: rgb(255, 255, 255);"&gt;&lt;br style="color: rgb(0, 0, 0); font-family: verdana, arial, helvetica, sans-serif; font-size: small; font-style: normal; font-variant: normal; font-weight: normal; letter-spacing: normal; line-height: normal; orphans: auto; text-align: start; text-indent: 0px; text-transform: none; white-space: normal; widows: auto; word-spacing: 0px; -webkit-text-stroke-width: 0px; background-color: rgb(255, 255, 255);"&gt;&lt;span style="color: rgb(0, 0, 0); font-family: verdana, arial, helvetica, sans-serif; font-size: small; font-style: normal; font-variant: normal; font-weight: normal; letter-spacing: normal; line-height: normal; orphans: auto; text-align: start; text-indent: 0px; text-transform: none; white-space: normal; widows: auto; word-spacing: 0px; -webkit-text-stroke-width: 0px; background-color: rgb(255, 255, 255); display: inline !important; float: none;"&gt;LES 15 CONTES EN VERS:&lt;/span&gt;&lt;br style="color: rgb(0, 0, 0); font-family: verdana, arial, helvetica, sans-serif; font-size: small; font-style: normal; font-variant: normal; font-weight: normal; letter-spacing: normal; line-height: normal; orphans: auto; text-align: start; text-indent: 0px; text-transform: none; white-space: normal; widows: auto; word-spacing: 0px; -webkit-text-stroke-width: 0px; background-color: rgb(255, 255, 255);"&gt;&lt;span style="color: rgb(0, 0, 0); font-family: verdana, arial, helvetica, sans-serif; font-size: small; font-style: normal; font-variant: normal; font-weight: normal; letter-spacing: normal; line-height: normal; orphans: auto; text-align: start; text-indent: 0px; text-transform: none; white-space: normal; widows: auto; word-spacing: 0px; -webkit-text-stroke-width: 0px; background-color: rgb(255, 255, 255); display: inline !important; float: none;"&gt;Le Cadenas • Le Cocuage • La Mule du pape • Ce qui plaît aux dames • L’Éducation d’un prince • L’Éducation d’une fille • Thélème et Macare • Les Trois Manières • Azolan • L’Origine des métiers • La Bégueule • Les Finances • Le Dimanche ou les Femmes de Minée • Sésostris • Le Songe creux&lt;/span&gt;&lt;br style="color: rgb(0, 0, 0); font-family: verdana, arial, helvetica, sans-serif; font-size: small; font-style: normal; font-variant: normal; font-weight: normal; letter-spacing: normal; line-height: normal; orphans: auto; text-align: start; text-indent: 0px; text-transform: none; white-space: normal; widows: auto; word-spacing: 0px; -webkit-text-stroke-width: 0px; background-color: rgb(255, 255, 255);"&gt;&lt;br style="color: rgb(0, 0, 0); font-family: verdana, arial, helvetica, sans-serif; font-size: small; font-style: normal; font-variant: normal; font-weight: normal; letter-spacing: normal; line-height: normal; orphans: auto; text-align: start; text-indent: 0px; text-transform: none; white-space: normal; widows: auto; word-spacing: 0px; -webkit-text-stroke-width: 0px; background-color: rgb(255, 255, 255);"&gt;&lt;span style="color: rgb(0, 0, 0); font-family: verdana, arial, helvetica, sans-serif; font-size: small; font-style: normal; font-variant: normal; font-weight: normal; letter-spacing: normal; line-height: normal; orphans: auto; text-align: start; text-indent: 0px; text-transform: none; white-space: normal; widows: auto; word-spacing: 0px; -webkit-text-stroke-width: 0px; background-color: rgb(255, 255, 255); display: inline !important; float: none;"&gt;- LES 19 TITRES DE L''OEUVRE PHILOSOPHIQUE ET HISTORIQUE:&lt;/span&gt;&lt;br style="color: rgb(0, 0, 0); font-family: verdana, arial, helvetica, sans-serif; font-size: small; font-style: normal; font-variant: normal; font-weight: normal; letter-spacing: normal; line-height: normal; orphans: auto; text-align: start; text-indent: 0px; text-transform: none; white-space: normal; widows: auto; word-spacing: 0px; -webkit-text-stroke-width: 0px; background-color: rgb(255, 255, 255);"&gt;&lt;span style="color: rgb(0, 0, 0); font-family: verdana, arial, helvetica, sans-serif; font-size: small; font-style: normal; font-variant: normal; font-weight: normal; letter-spacing: normal; line-height: normal; orphans: auto; text-align: start; text-indent: 0px; text-transform: none; white-space: normal; widows: auto; word-spacing: 0px; -webkit-text-stroke-width: 0px; background-color: rgb(255, 255, 255); display: inline !important; float: none;"&gt;Lettres philosophiques • Traité de métaphysique • Vie de Molière • Réflexions pour les sots • Traité sur la tolérance • Le philosophe ignorant • Femmes, soyez soumises a vos maris • La bible enfin expliquée par plusieurs aumôniers de s. m. l. r. d. p • Dialogue du chapon et de la poularde • Histoire de l’établissement du christianisme • Dictionnaire philosophique • Dialogues philosophiques • Essai sur les moeurs et l’esprit des nations • Le siècle de louis XIV • Précis du siecle de Louis XV • Pot-pourri • De l’horrible danger de la lecture • Éloge historique de la raison • Petite digression&lt;/span&gt;&lt;/font&gt;&lt;/div&gt;','9782368410035',NULL,NULL,'B008A708E8');
INSERT INTO "BOOKS" VALUES (5,'Collected Poems of W.B. Yeats',NULL,'en','books/William Butler Yeats/Collected Poems of W.B. Yeats (2800)/Collected Poems of W.B. Yeats - William Butler Yeats.pdf',NULL,'AD','books/William Butler Yeats/Collected Poems of W.B. Yeats (2800)/cover.jpg','&lt;div&gt;&lt;p&gt;&lt;em&gt;The Collected Poems of W. B. Yeats&lt;/em&gt; includes all of the poems authorized by Yeats for inclusion in his standard canon. Breathtaking in range, it encompasses the entire arc of his career, from luminous reworkings of ancient Irish myths and legends to passionate meditations on the demands and rewards of youth and old age, from exquisite, occasionally whimsical songs of love, nature, and art to somber and angry poems of life in a nation torn by war and uprising. In observing the development of rich and recurring images and themes over the course of his body of work, we can trace the quest of this century''s greatest poet to unite intellect and artistry in a single magnificent vision. &lt;br&gt;
Revised and corrected, this edition includes Yeats''s own notes on his poetry, complemented by explanatory notes from esteemed Yeats scholar Richard J. Finneran. &lt;em&gt;The Collected Poems of W. B. Yeats&lt;/em&gt; is the most comprehensive edition of one of the world''s most beloved poets available in paperback.&lt;/p&gt;
&lt;p&gt;**&lt;/p&gt;&lt;h3&gt;Amazon.com Review&lt;/h3&gt;
&lt;p&gt;William Butler Yeats, whom many consider this century''s greatest poet, began as a bard of the Celtic Twilight, reviving legends and Rosicrucian symbols. By the early 1900s, however, he was moving away from plush romanticism, his verse morphing from the incantatory rhythms of "I will arise and go now, and go to Innisfree" into lyrics "as cold and passionate as the dawn." At every stage, however, Yeats plays a multiplicity of poetic roles. There is the romantic lover of "When You Are Old" and "A Poet to His Beloved" ("I bring you with reverent Hands / The books of my numberless dreams..."). And there are the far more bitter celebrations of Maud Gonne, who never accepted his love and engaged in too much politicking for his taste: "Why should I blame her that she filled my days / With misery, or that she would of late / Have taught to ignorant men most violent ways, / Or hurled the little streets upon the great, / Had they but courage equal to desire?" There is also the poet of conscience--and confrontation. His 1931 "Remorse for Intemperate Speech" ends: "Out of Ireland have we come. / Great hatred, little room, / Maimed us at the start. / I carried from my mother''s womb / A fanatic heart." &lt;/p&gt;
&lt;p&gt;Yeats was to explore several more sides of himself, and of Ireland, before his &lt;em&gt;Last Poems&lt;/em&gt; of 1938-39. Many are difficult, some snobbish, others occult and spiritualist. As Brendan Kennelly writes, Yeats "produces both poppycock and sublimity in verse, sometimes closely together." On the other hand, many prophetic masterworks are poppycock-free--for example, "The Second Coming" ("Turning and turning in the widening gyre / The falcon cannot hear the falconer; / Things fall apart; the centre cannot hold; / Mere anarchy is loosed upon the world...") and such inquiries into inspiration as "Among School Children" ("O body swayed to music, O brightening glance, How can we know the dancer from the dance?"). And at his best, Yeats extends the meaning of love poetry beyond the obviously romantic: love becomes a revolutionary emotion, attaching the poet to friends, history, and the passionate life of the mind. &lt;em&gt;--Kerry Fried&lt;/em&gt;&lt;/p&gt;
&lt;h3&gt;Review&lt;/h3&gt;
&lt;p&gt;Oedipus At Colonus: Colonus'' Praise&lt;br&gt;
An Acre Of Grass&lt;br&gt;
Adam''s Curse&lt;br&gt;
Aedh Thinks Of Those Who Have Spoken Evil Of His Beloved&lt;br&gt;
After Long Silence&lt;br&gt;
Against Unworthy Praise&lt;br&gt;
All Souls'' Night; Epilogue To ''a Vision''&lt;br&gt;
All Things Can Tempt Me&lt;br&gt;
Alternative Song For The Severed Head In ''king Of Great ...''&lt;br&gt;
Among School Children&lt;br&gt;
Anashuya And Vijaya&lt;br&gt;
Another Song Of A Fool&lt;br&gt;
The Apparitions&lt;br&gt;
An Appointment&lt;br&gt;
Are You Content?&lt;br&gt;
The Arrow&lt;br&gt;
At Algeciras - A Meditation Upon Death&lt;br&gt;
At Galway Races (1)&lt;br&gt;
At The Abbey Theatre (imitated From Ronsard)&lt;br&gt;
Baile And Aillinn&lt;br&gt;
The Ballad Of Father Gilligan&lt;br&gt;
The Ballad Of Father O''hart&lt;br&gt;
The Ballad Of Moll Magee&lt;br&gt;
The Ballad Of The Foxhunter&lt;br&gt;
The Balloon Of The Mind&lt;br&gt;
Beautiful Lofty Things: O''leary''s Noble Head&lt;br&gt;
Beggar To Beggar Cried&lt;br&gt;
The Black Tower&lt;br&gt;
The Blessed&lt;br&gt;
Blood And The Moon&lt;br&gt;
Broken Dreams&lt;br&gt;
A Bronze Head&lt;br&gt;
Brown Penny&lt;br&gt;
Byzantium&lt;br&gt;
The Cap And Bells&lt;br&gt;
The Cat And The Moon&lt;br&gt;
The Chambermaid''s First Song&lt;br&gt;
The Chambermaid''s Second Song&lt;br&gt;
The Choice&lt;br&gt;
Church And State&lt;br&gt;
The Circus Animals'' Desertion&lt;br&gt;
The Cloak, The Boat, And The Shoes&lt;br&gt;
A Coat&lt;br&gt;
The Cold Heaven&lt;br&gt;
The Collar-bone Of A Hare&lt;br&gt;
Colonel Martin&lt;br&gt;
Come Gather Round Me, Parnellites&lt;br&gt;
The Coming Of Wisdom With Time&lt;br&gt;
Coole Park And Ballylee, 1931&lt;br&gt;
Coole Park, 1929&lt;br&gt;
The Countess Cathleen In Paradise&lt;br&gt;
A Cradle Song&lt;br&gt;
A Crazed Girl&lt;br&gt;
The Crazed Moon&lt;br&gt;
Crazy Jane And Jack The Journeyman&lt;br&gt;
Crazy Jane And The Bishop&lt;br&gt;
Crazy Jane Grown Old Looks At The Dancers&lt;br&gt;
Crazy Jane On God&lt;br&gt;
Crazy Jane On The Day Of Judgment&lt;br&gt;
Crazy Jane On The Mountain&lt;br&gt;
Crazy Jane Reproved&lt;br&gt;
Crazy Jane Talks With The Bishop&lt;br&gt;
Cuchulain Comforted&lt;br&gt;
Cuchulain''s Fight With The Sea&lt;br&gt;
The Curse Of Cromwell&lt;br&gt;
The Dancer At Cruachan And Cro-patrick&lt;br&gt;
The Dawn&lt;br&gt;
Death&lt;br&gt;
Dedication To A Book Of Stories Selected From The Irish Novelists (2)&lt;br&gt;
A Deep-sworn Vow&lt;br&gt;
The Delphic Oracle Upon Plotinus&lt;br&gt;
Demon And Beast&lt;br&gt;
A Dialogue Of Self And Soul&lt;br&gt;
The Dolls&lt;br&gt;
The Double Vision Of Michael Robartes&lt;br&gt;
Down By The Salley Gardens&lt;br&gt;
A Dream Of Death&lt;br&gt;
A Drinking Song&lt;br&gt;
A Drunken Man''s Praise Of Sobriety&lt;br&gt;
Easter 1916&lt;br&gt;
Ego Dominus Tuus&lt;br&gt;
Ephemera&lt;br&gt;
The Everlasting Voices&lt;br&gt;
A Faery Song, Sung By The People Of Faery Over Diarmuid&lt;br&gt;
Fallen Majesty&lt;br&gt;
The Falling Of The Leaves&lt;br&gt;
The Fascination Of What''s Difficult&lt;br&gt;
Fergus And The Druid&lt;br&gt;
The Fiddler Of Dooney&lt;br&gt;
The Fish&lt;br&gt;
The Fisherman&lt;br&gt;
The Folly Of Being Comforted&lt;br&gt;
For Anne Gregory&lt;br&gt;
Fragment&lt;br&gt;
Fragment&lt;br&gt;
A Friend''s Illness&lt;br&gt;
Friends&lt;br&gt;
The Gift Of Harun Al-rashid&lt;br&gt;
Girl''s Song&lt;br&gt;
Gratitude To The Unkown Instructions&lt;br&gt;
The Great Day&lt;br&gt;
The Grey Rock&lt;br&gt;
The Gyres&lt;br&gt;
The Happy Townland&lt;br&gt;
The Hawk&lt;br&gt;
He Gives His Beloved Certain Rhymes&lt;br&gt;
He Hears The Cry Of The Sedge&lt;br&gt;
He Mourns For The Change That Has Come Upon Him And Beloved&lt;br&gt;
He Remembers Forgotten Beauty&lt;br&gt;
He Reproves The Curlew&lt;br&gt;
He Tells Of A Valley Full Of Lovers&lt;br&gt;
He Tells Of The Perfect Beauty&lt;br&gt;
He Thinks Of His Past Greatness When A Part Of ... Heaven&lt;br&gt;
He Wishes For The Cloths Of Heaven&lt;br&gt;
The Heart Of The Woman&lt;br&gt;
Her Anxiety&lt;br&gt;
Her Dream&lt;br&gt;
Her Praise&lt;br&gt;
The Hero, The Girl, And The Fool&lt;br&gt;
High Talk&lt;br&gt;
His Bargain&lt;br&gt;
His Confidence&lt;br&gt;
His Dream&lt;br&gt;
His Phoenix&lt;br&gt;
His Wishes His Beloved Were Dead&lt;br&gt;
The Host Of The Air&lt;br&gt;
The Hosting Of The Sidhe&lt;br&gt;
Hound Voice&lt;br&gt;
The Hour Before Dawn (1)&lt;br&gt;
I Am Of Ireland&lt;br&gt;
An Image From A Past Life&lt;br&gt;
Imitated From The Japanese&lt;br&gt;
In Memory Of Alfred Pollexfen&lt;br&gt;
In Memory Of Eva Gore-booth And Con Markiewicz&lt;br&gt;
In Memory Of Major Robert Gregory&lt;br&gt;
In Tara''s Halls&lt;br&gt;
In The Seven Woods&lt;br&gt;
The Indian To His Love&lt;br&gt;
The Indian Upon God&lt;br&gt;
Into The Twilight&lt;br&gt;
An Irish Airman Foresees His Death&lt;br&gt;
John Kinsella''s Lament For Mrs. Mary Moore&lt;br&gt;
King And No King&lt;br&gt;
The Lady''s First Song&lt;br&gt;
The Lady''s Second Song&lt;br&gt;
The Lady''s Third Song&lt;br&gt;
The Lady''s Third Song&lt;br&gt;
The Lake Isle Of Innisfree&lt;br&gt;
The Lamentation Of The Old Pensioner (2)&lt;br&gt;
Lapis Lazuli (for Henry Clifton)&lt;br&gt;
The Leaders Of The Crowd&lt;br&gt;
Leda And The Swan&lt;br&gt;
Lines Written In Dejection&lt;br&gt;
The Living Beauty&lt;br&gt;
Long-legged Fly&lt;br&gt;
Love''s Loneliness&lt;br&gt;
The Lover Asks Forgiveness Because Of His Many Moods&lt;br&gt;
The Lover Mourns For The Loss Of Love&lt;br&gt;
The Lover Pleads With His Friends For Old Friends&lt;br&gt;
The Lover Speaks To The Hearers Of His Songs In Coming Days&lt;br&gt;
The Lover Tells Of The Rose In His Heart&lt;br&gt;
The Lover''s Song&lt;br&gt;
Lullaby&lt;br&gt;
Mad As The Mist And Snow&lt;br&gt;
The Madness Of King Goll&lt;br&gt;
The Magi&lt;br&gt;
Maid Quiet&lt;br&gt;
The Man And The Echo&lt;br&gt;
The Man Who Dreamed Of Faeryland&lt;br&gt;
A Man Young And Old&lt;br&gt;
The Mask&lt;br&gt;
A Meditation In Time Of War&lt;br&gt;
The Meditation Of The Old Fisherman&lt;br&gt;
Meditations In Time Of Civil War: 1. Ancestral Houses&lt;br&gt;
Meditations In Time Of Civil War: 2. My House&lt;br&gt;
Meditations In Time Of Civil War: 3. My Table&lt;br&gt;
Meditations In Time Of Civil War: 4. My Descendants&lt;br&gt;
Meditations In Time Of Civil War: 5. The Road At My Door&lt;br&gt;
Meditations In Time Of Civil War: 6. The Stare''s Nest&lt;br&gt;
Meditations In Time Of Civil War: 7. I See Phantoms Of Hate&lt;br&gt;
Memory&lt;br&gt;
A Memory Of Youth&lt;br&gt;
Men Improve With The Years&lt;br&gt;
Michael Robartes And The Dancer&lt;br&gt;
Michael Robartes Bids His Beloved Be At Peace&lt;br&gt;
A Model For The Laureate&lt;br&gt;
Mohini Chatterjee&lt;br&gt;
The Moods&lt;br&gt;
The Mother Of God&lt;br&gt;
The Mountain Tomb&lt;br&gt;
The Mountain Tomb: 1. To A Child Dancing In The Wind&lt;br&gt;
The Municipal Galley Revisited&lt;br&gt;
A Nativity&lt;br&gt;
Never Give All The Heart, For Love&lt;br&gt;
The New Faces&lt;br&gt;
News For The Delphic Oracle&lt;br&gt;
Nineteen Hundred And Nineteen&lt;br&gt;
The Nineteenth Century And After&lt;br&gt;
No Second Troy&lt;br&gt;
O Do Not Love Too Long&lt;br&gt;
Oil And Blood&lt;br&gt;
The Old Age Of Queen Maeve&lt;br&gt;
Old Memory&lt;br&gt;
The Old Men Admiring Themselves In The Water&lt;br&gt;
The Old Stone Cross&lt;br&gt;
Old Tom Again&lt;br&gt;
On A Picture Of A Black Centaur By Edmund Dulac&lt;br&gt;
On A Political Prisoner&lt;br&gt;
On Being Asked For A War Poem&lt;br&gt;
On Hearing That The Students Of Our New University Joined Agitation ..&lt;br&gt;
On Those That Hated ''the Playboy Of The Western World''&lt;br&gt;
On Woman&lt;br&gt;
Owen Aherne And His Dancers&lt;br&gt;
Parnell&lt;br&gt;
Parnell''s Funeral&lt;br&gt;
Paudeen&lt;br&gt;
Peace&lt;br&gt;
The People&lt;br&gt;
The Phases Of The Moon&lt;br&gt;
The Pilgrim&lt;br&gt;
The Pity Of Love&lt;br&gt;
The Players Ask For A Blessing On The Psalteries And On Themselves&lt;br&gt;
The Poet Pleads With The Elemental Powers&lt;br&gt;
A Poet To His Beloved&lt;br&gt;
Politics&lt;br&gt;
A Prayer For My Daughter&lt;br&gt;
A Prayer For My Son&lt;br&gt;
A Prayer For Old Age&lt;br&gt;
A Prayer On Going Into My House&lt;br&gt;
Presences&lt;br&gt;
Quarrel In Old Age&lt;br&gt;
The Ragged Wood&lt;br&gt;
The Realists&lt;br&gt;
The Realists: 1. The Witch&lt;br&gt;
The Realists: 2. The Peacock&lt;br&gt;
Reconciliation&lt;br&gt;
Red Hanrahan''s Song About Ireland&lt;br&gt;
Remorse For Intemperate Speech&lt;br&gt;
Responsibilities: Prologue&lt;br&gt;
The Results Of Thought&lt;br&gt;
Roger Casement (after Reading ''the Forged Casement Diaries'')&lt;br&gt;
The Rose Of Battle&lt;br&gt;
The Rose Of Peace&lt;br&gt;
The Rose Of The World&lt;br&gt;
The Rose Tree&lt;br&gt;
Running To Paradise&lt;br&gt;
The Sad Shepherd&lt;br&gt;
Sailing To Byzantium&lt;br&gt;
The Saint And The Hunchback&lt;br&gt;
The Scholars&lt;br&gt;
The Second Coming&lt;br&gt;
The Secret Rose&lt;br&gt;
September 1913&lt;br&gt;
The Seven Sages&lt;br&gt;
The Shadowy Waters: A Dramatic Poem&lt;br&gt;
The Shadowy Waters: Introductory Lines&lt;br&gt;
The Shadowy Waters: The Harp Of Aengus&lt;br&gt;
Shepherd And Goatherd&lt;br&gt;
Sixteen Dead Men&lt;br&gt;
Solomon And The Witch&lt;br&gt;
Solomon To Sheba&lt;br&gt;
A Song&lt;br&gt;
A Song&lt;br&gt;
The Song Of The Happy Shepherd&lt;br&gt;
The Song Of The Old Mother&lt;br&gt;
The Song Of Wandering Aengus&lt;br&gt;
Song, Fr. The Player Queen&lt;br&gt;
The Sorrow Of Love (1)&lt;br&gt;
Spilt Milk&lt;br&gt;
The Spirit Medium&lt;br&gt;
The Spur&lt;br&gt;
The Statesman''s Holiday&lt;br&gt;
Statistics&lt;br&gt;
The Statues&lt;br&gt;
A Stick Of Incense&lt;br&gt;
The Stolen Child&lt;br&gt;
Stream And Sun At Glendalough&lt;br&gt;
Supernatural Songs: 1. Ribh At Tomb Of Baile And Aillinn&lt;br&gt;
Supernatural Songs: 10. Conjunctions&lt;br&gt;
Supernatural Songs: 11. A Needle''s Eye&lt;br&gt;
Supernatural Songs: 12. Meru&lt;br&gt;
Supernatural Songs: 2. Ribh Denounces Patrick&lt;br&gt;
Supernatural Songs: 3. Ribh In Ecstasy&lt;br&gt;
Supernatural Songs: 4. There&lt;br&gt;
Supernatural Songs: 5. Ribh Considers Christian Love In Sufficent&lt;br&gt;
Supernatural Songs: 6. He And She&lt;br&gt;
Supernatural Songs: 7. What Magic Drum?&lt;br&gt;
Supernatural Songs: 8. Whence Had They Come?&lt;br&gt;
Supernatural Songs: 9. The Four Ages Of Man&lt;br&gt;
Sweet Dancer&lt;br&gt;
Swift''s Epitaph&lt;br&gt;
Symbols&lt;br&gt;
That The Night Come&lt;br&gt;
These Are The Clouds About The Fallen Sun&lt;br&gt;
Those Dancing Days Are Gone&lt;br&gt;
Those Images&lt;br&gt;
A Thought From Propertius&lt;br&gt;
The Three Beggars&lt;br&gt;
The Three Bushes&lt;br&gt;
The Three Hermits&lt;br&gt;
Three Marching Songs: 1&lt;br&gt;
Three Marching Songs: 2&lt;br&gt;
Three Marching Songs: 3&lt;br&gt;
The Three Monuments&lt;br&gt;
Three Movements&lt;br&gt;
Three Songs To The One Burden: 1&lt;br&gt;
Three Songs To The One Burden: 2&lt;br&gt;
Three Songs To The One Burden: 3&lt;br&gt;
Three Songs To The Same Tune: 1&lt;br&gt;
Three Songs To The Same Tune: 2&lt;br&gt;
Three Songs To The Same Tune: 3&lt;br&gt;
Three Things&lt;br&gt;
To A Child Dancing In The Wind: 2&lt;br&gt;
To A Friend Whose Work Has Come To Nothing&lt;br&gt;
To A Poet, Who Would Have Me Praise Certain Bad Poets, Imitators ...&lt;br&gt;
To A Shade&lt;br&gt;
To A Squirrel At Kyle-na-no&lt;br&gt;
To A Wealthy Man&lt;br&gt;
To A Young Beauty&lt;br&gt;
To A Young Girl&lt;br&gt;
To An Isle In The Water&lt;br&gt;
To Be Carved On A Stone At Thoor Ballylee (1)&lt;br&gt;
To Dorothy Wellesley&lt;br&gt;
To His Heart, Bidding It Have No Fear&lt;br&gt;
To Ireland In The Coming Times&lt;br&gt;
To Some I Have Talked With By The Fire&lt;br&gt;
To The Rose Upon The Rood Of Time&lt;br&gt;
Tom At Cruachan&lt;br&gt;
Tom O''roughley&lt;br&gt;
Tom The Lunatic&lt;br&gt;
Towards Break Of Day&lt;br&gt;
The Tower&lt;br&gt;
The Travail Of Passion&lt;br&gt;
The Two Kings&lt;br&gt;
Two Songs From A Play (''the Resurrection''): 1&lt;br&gt;
Two Songs From A Play (''the Resurrection''): 2&lt;br&gt;
Two Songs Of A Fool: 1&lt;br&gt;
Two Songs Of A Fool: 2&lt;br&gt;
Two Songs Rewritten For The Tune''s Sake: 1&lt;br&gt;
Two Songs Rewritten For The Tune''s Sake: 2&lt;br&gt;
The Two Trees&lt;br&gt;
The Unappeasable Host&lt;br&gt;
Under Ben Bulben&lt;br&gt;
Under Saturn&lt;br&gt;
Under The Moon&lt;br&gt;
Under The Round Tower&lt;br&gt;
Upon A Dying Lady&lt;br&gt;
Upon A House Shaken By The Land Agitation&lt;br&gt;
Vacillation&lt;br&gt;
The Valley Of The Black Pig&lt;br&gt;
Veronica''s Napkin&lt;br&gt;
The Wanderings Of Oisin&lt;br&gt;
What Then?&lt;br&gt;
What Was Lost&lt;br&gt;
The Wheel&lt;br&gt;
When Helen Lived&lt;br&gt;
When You Are Old&lt;br&gt;
While I, From The Reed-throated Whisperer&lt;br&gt;
The White Birds&lt;br&gt;
Who Goes With Fergus?&lt;br&gt;
Why Should Not Old Men Be Mad?&lt;br&gt;
The Wild Old Wicked Man&lt;br&gt;
The Wild Swans At Coole&lt;br&gt;
Wisdom&lt;br&gt;
The Withering Of The Boughs&lt;br&gt;
A Woman Homer Sung&lt;br&gt;
A Woman Young And Old: 1. Father And Child&lt;br&gt;
A Woman Young And Old: 10. Meeting&lt;br&gt;
A Woman Young And Old: 11. From The ''antigone''&lt;br&gt;
A Woman Young And Old: 2. Before The World Was Made&lt;br&gt;
A Woman Young And Old: 3. A First Confession&lt;br&gt;
A Woman Young And Old: 4. Her Triumph&lt;br&gt;
A Woman Young And Old: 5. Consolation&lt;br&gt;
A Woman Young And Old: 6. Chosen&lt;br&gt;
A Woman Young And Old: 8. Her Vision In The Wood&lt;br&gt;
A Woman Young And Old: 9. A Last Confession&lt;br&gt;
Words&lt;br&gt;
Young Man''s Song&lt;br&gt;
Youth And Age&lt;br&gt;
-- &lt;em&gt;Table of Poems from Poem Finder®&lt;/em&gt;&lt;/p&gt;&lt;/div&gt;','9780684807317','0684807319','76Ot5FPTVIgC',NULL);
INSERT INTO "BOOKS" VALUES (6,'The Left Hand of Darkness',NULL,'en','books/Ursula K. Le Guin/The Left Hand of Darkness (2767)/The Left Hand of Darkness - Ursula K. Le Guin.epub',NULL,'AD','books/Ursula K. Le Guin/The Left Hand of Darkness (2767)/cover.jpg','Genly Ai is a diplomat of sorts, sent to observe the inhabitants of the snowbound planet of Winter. But the isolated, androgynous people are suspicious of this strange, single-gendered visitor. Tucked away in a remote corner of the universe, they have no knowledge of space travel or of life beyond their own world. So, bringing news of a vast coalition of planets they are invited to join, he is met with fear, mistrust and disbelief.But also something more. For Genly Ai, who sees himself as a bringer of the truth, it is a bittersweet irony that he will discover truths about himself and, in the snow-shrouded strangeness of Winter, find both love and tragedy . . . First published in the year Neil Armstrong walked on the moon, The Left Hand of Darkness is a classic of science fiction and a masterpiece of modern literature.','9781841496061',NULL,NULL,NULL);
INSERT INTO "BOOKS" VALUES (7,'The Tale of Genji',NULL,'jp',NULL,NULL,'AD',NULL,NULL,NULL,NULL,NULL,NULL);
INSERT INTO "AUTHORS" VALUES (1,'Phillip','Dick','K','https://en.wikipedia.org/wiki/Philip_K._Dick#/media/File:PhilipDick.jpg','Philip Kindred Dick was an American writer known for his work in science fiction. He produced 44 published novels and approximately 121 short stories, most of which appeared in science fiction magazines during his lifetime.');
INSERT INTO "AUTHORS" VALUES (2,'Voltaire',NULL,NULL,'https://en.wikipedia.org/wiki/Voltaire#/media/File:Nicolas_de_Largilli%C3%A8re,_Fran%C3%A7ois-Marie_Arouet_dit_Voltaire_adjusted.png','François-Marie Arouet, known by his nom de plume Voltaire, was a French Enlightenment writer, historian, and philosopher famous for his wit, his criticism of Christianity, especially the Roman Catholic Church, as well as his advocacy of freedom of speech, freedom of religion, and separation of church and state.');
INSERT INTO "AUTHORS" VALUES (3,'William','Butler','Yeats','https://en.wikipedia.org/wiki/W._B._Yeats#/media/File:Yeats_Boughton.jpg','William Butler Yeats was an Irish poet and one of the foremost figures of 20th-century literature. A pillar of the Irish literary establishment, he helped to found the Abbey Theatre, and in his later years served two terms as a Senator of the Irish Free State.');
INSERT INTO "AUTHORS" VALUES (4,'Ursula','K','Le Guin','https://en.wikipedia.org/wiki/Ursula_K._Le_Guin#/media/File:Ursula_K_Le_Guin.JPG','Ursula Kroeber Le Guin was an American author best known for her works of speculative fiction, including science fiction works set in her Hainish universe, and the Earthsea fantasy series.');
INSERT INTO "AUTHORS" VALUES (5,'Murasaki','','Shikibu','https://en.wikipedia.org/wiki/Murasaki_Shikibu#/media/File:Portrait_of_Murasaki_Shikibu.jpg','Murasaki Shikibu was a Japanese novelist, poet and lady-in-waiting at the Imperial court during the Heian period. She is best known as the author of The Tale of Genji, widely considered to be the world''s first novel, written in Japanese between about 1000 and 1012.');
INSERT INTO "BOOKS_2_PUBLISHERS" VALUES (1,3,1);
INSERT INTO "BOOKS_2_PUBLISHERS" VALUES (2,4,3);
INSERT INTO "BOOKS_2_PUBLISHERS" VALUES (3,2,2);
INSERT INTO "BOOKS_2_PUBLISHERS" VALUES (5,5,4);
INSERT INTO "BOOKS_2_PUBLISHERS" VALUES (6,6,5);
INSERT INTO "PUBLISHERS" VALUES (1,'Grupo Planeta Spain');
INSERT INTO "PUBLISHERS" VALUES (2,'Mariner Books');
INSERT INTO "PUBLISHERS" VALUES (3,'Arvensa Editions');
INSERT INTO "PUBLISHERS" VALUES (4,'Scribner');
INSERT INTO "PUBLISHERS" VALUES (5,'Orbit');
INSERT INTO "BOOKS_2_AUTHORS" VALUES (1,3,1);
INSERT INTO "BOOKS_2_AUTHORS" VALUES (2,2,1);
INSERT INTO "BOOKS_2_AUTHORS" VALUES (3,4,2);
INSERT INTO "BOOKS_2_AUTHORS" VALUES (4,5,3);
INSERT INTO "BOOKS_2_AUTHORS" VALUES (5,6,4);
COMMIT;
